{
  "hidden":true,
  "name":"Dusheti Range Conventional Circle EAST",
  "radius":100,
  "x":-276931.14285715,
  "y":866524.00000001,
  "zoneId":808,
  "__version__":14
}