{
  "hidden":false,
  "name":"pickzone2",
  "radius":300,
  "x":-265253.67410713,
  "y":882017.14285714,
  "zoneId":1736,
  "__version__":14
}