{
  "hidden":false,
  "name":"DUSHETI_SPAWN_DEST_3",
  "radius":1219.2,
  "x":-272357.42857143,
  "y":867124.00000001,
  "zoneId":6329,
  "__version__":14
}