{
  "hidden":false,
  "name":"Tblisi_railstation",
  "radius":106.68,
  "x":-311173.85428571,
  "y":882397.99742858,
  "zoneId":7894,
  "__version__":14
}