{
  "category":"Unarmed",
  "heading":1.7278759595,
  "name":"Lochini Ambulance #003",
  "rate":3,
  "type":"Hummer Medic",
  "unitId":212,
  "x":-314666.47864286,
  "y":894573.94257143,
  "__version__":14
}