{
  "hidden":true,
  "name":"__RESPAWN__Tianeti Range Arty firing position 1",
  "radius":1800,
  "x":-268002.56383237,
  "y":893694.8571428501,
  "zoneId":1429,
  "__version__":14
}