{
  "hidden":false,
  "name":"pickzone5",
  "radius":400,
  "x":-314272.24553571,
  "y":895497.14285714,
  "zoneId":4011,
  "__version__":14
}