{
  "hidden":false,
  "name":"pickzone1",
  "radius":300,
  "x":-318065.10267856,
  "y":895268.57142857,
  "zoneId":1583,
  "__version__":14
}