{
  "dead":false,
  "groupId":89,
  "heading":1.5533430343,
  "name":"logistic3",
  "x":-280063.93321428,
  "y":862073.5294285699,
  "__version__":14
}