{
  "dead":false,
  "groupId":133,
  "heading":0,
  "name":"New Static Object #017",
  "x":-314878.11692857,
  "y":896450.83514286,
  "__version__":14
}