{
  "hidden":false,
  "name":"TIANETI_SPAWN",
  "radius":91.44,
  "x":-264869.71428572,
  "y":890480.28571429,
  "zoneId":6016,
  "__version__":14
}