{
  "hidden":false,
  "name":"TETRA_SPAWN_DEST_1",
  "radius":1524,
  "x":-335215.14285716,
  "y":856799.42857143,
  "zoneId":5860,
  "__version__":14
}