{
  "dead":false,
  "groupId":116,
  "heading":1.5707963268,
  "name":"New Static Object #009",
  "x":-267683.73692857,
  "y":717658.26742858,
  "__version__":14
}