{
  "hidden":true,
  "name":"__RESPAWN__DR: Static tgt GRAD launcher",
  "radius":400,
  "x":-271880.56383237,
  "y":868965.71428571,
  "zoneId":1427,
  "__version__":14
}