{
  "hidden":false,
  "name":"pickzone9",
  "radius":300,
  "x":-352516.85714285,
  "y":893214.00000001,
  "zoneId":4930,
  "__version__":14
}