{
  "hidden":false,
  "name":"pickzone6",
  "radius":200,
  "x":-272547.42857144,
  "y":868216.2857143,
  "zoneId":4317,
  "__version__":14
}