{
  "hidden":true,
  "name":"Tianeti Range Conv Circle EAST",
  "radius":100,
  "x":-263039.71428572,
  "y":893338.2857143,
  "zoneId":962,
  "__version__":14
}