{
  "hidden":false,
  "name":"LZ SPARROW",
  "radius":152.4,
  "x":-309755.50600002,
  "y":823794.41399997,
  "zoneId":8048,
  "__version__":14
}