{
  "dead":false,
  "groupId":129,
  "heading":0,
  "name":"New Static Object #013",
  "x":-315521.24978572,
  "y":896555.25342857,
  "__version__":14
}