{
  "hidden":false,
  "name":"LZ EAGLE",
  "radius":152.4,
  "x":-306704.03971431,
  "y":822291.91999997,
  "zoneId":8047,
  "__version__":14
}