{
  "x":-274937.42857143,
  "y":866267.14285713,
  "__version__":14
}