{
  "x":-273443.42857142,
  "y":866890.8571428501,
  "__version__":14
}