{
  "hidden":false,
  "name":"Training SAM2",
  "radius":100000,
  "x":-466571.42857143,
  "y":940714.28571429,
  "zoneId":1892,
  "__version__":14
}