{
  "hidden":false,
  "name":"DUSHETI_SPAWN_DEST_4",
  "radius":1524,
  "x":-274014.57142858,
  "y":867095.42857143,
  "zoneId":6330,
  "__version__":14
}