{
  "hidden":false,
  "name":"MARNUELI_SPAWN",
  "radius":91.44,
  "x":-352522.57142857,
  "y":893213.14285714,
  "zoneId":6018,
  "__version__":14
}