{
  "hidden":true,
  "name":"__RESPAWN__TR: ARV BRDM2 #001",
  "radius":300,
  "x":-267230.56383237,
  "y":889888.57142857,
  "zoneId":1428,
  "__version__":14
}