{
  "category":"Fortifications",
  "heading":3.1764992386,
  "name":"New Static Object #010",
  "rate":5,
  "type":"Bunker",
  "unitId":208,
  "x":-267753.80321429,
  "y":717184.57142858,
  "__version__":14
}