{
  "dead":false,
  "groupId":122,
  "heading":1.7278759595,
  "name":"Lochini Ambulance #004",
  "x":-314738.50492858,
  "y":894574.6157142899,
  "__version__":14
}