{
  "hidden":false,
  "name":"SAR7",
  "radius":15.24,
  "x":-322274.57142857,
  "y":840648.8571428501,
  "zoneId":5395,
  "__version__":14
}