{
  "hidden":true,
  "name":"MR: Tactical strafe",
  "radius":100,
  "x":-355985.42857144,
  "y":890501.42857144,
  "zoneId":654,
  "__version__":14
}