{
  "dead":false,
  "groupId":109,
  "heading":2.7925268032,
  "name":"New Static Object #002",
  "x":-267660.46921429,
  "y":717193.18942858,
  "__version__":14
}