{
  "hidden":false,
  "name":"__ON_DEMAND_MARNUELI",
  "radius":304.8,
  "x":-352835.71428572,
  "y":892285.71428572,
  "zoneId":5552,
  "__version__":14
}