{
  "x":15282.857142856,
  "y":-24927.428571428,
  "__version__":14
}