{
  "x":15461.428571427,
  "y":-24917.428571428,
  "__version__":14
}