{
  "hidden":false,
  "name":"MARNUELI ConvCircleWest2",
  "radius":2000.0976,
  "x":-354493.14285714,
  "y":891307.14285712,
  "zoneId":5083,
  "__version__":14
}