{
  "dead":false,
  "groupId":111,
  "heading":2.6354471705,
  "name":"New Static Object #005",
  "x":-267543.0055,
  "y":717220.50285715,
  "__version__":14
}