{
  "category":"Unarmed",
  "heading":2.6354471705,
  "name":"New Static Object #005",
  "rate":3,
  "type":"GAZ-66",
  "unitId":202,
  "x":-267543.0055,
  "y":717220.50285715,
  "__version__":14
}