{
  "hidden":true,
  "name":"__RESPAWN__MBT #001",
  "radius":300,
  "x":-354181.70668951,
  "y":895088.57142857,
  "zoneId":1116,
  "__version__":14
}