{
  "category":"Unarmed",
  "heading":1.7278759595,
  "name":"Lochini Ambulance #001",
  "rate":3,
  "type":"Hummer Medic",
  "unitId":210,
  "x":-314690.03864286,
  "y":894621.06257143,
  "__version__":14
}