{
  "centerX":-314852.44407143,
  "centerY":896732.49057144,
  "zoom":3390,
  "__version__":14
}