{
  "x":-334614.28571428,
  "y":859755.71428571,
  "__version__":14
}