{
  "hidden":false,
  "name":"__ON_DEMAND_TIANETI",
  "radius":304.8,
  "x":-265202.85714286,
  "y":891257.14285714,
  "zoneId":5551,
  "__version__":14
}