{
  "dead":false,
  "groupId":132,
  "heading":0,
  "name":"New Static Object #016",
  "x":-315056.87407143,
  "y":896711.82057143,
  "__version__":14
}