{
  "dead":false,
  "groupId":112,
  "heading":4.1189770347,
  "name":"New Static Object #004",
  "x":-267639.99778571,
  "y":717181.31600001,
  "__version__":14
}