{
  "hidden":false,
  "name":"GORI_Range_IED_veichle_W",
  "radius":60.96,
  "x":-301090.21514288,
  "y":814262.85599998,
  "zoneId":8201,
  "__version__":14
}