{
  "hidden":false,
  "name":"SAR4",
  "radius":15.24,
  "x":-328374.57142856,
  "y":868598.85714284,
  "zoneId":5392,
  "__version__":14
}