{
  "hidden":false,
  "name":"CLEAN_BATUMI",
  "radius":3000,
  "x":-355744.28571428,
  "y":617318.57142857,
  "zoneId":6815,
  "__version__":14
}