{
  "hidden":false,
  "name":"__ON_DEMAND_DUSHETI",
  "radius":304.8,
  "x":-272930.00000001,
  "y":869392.8571428501,
  "zoneId":5554,
  "__version__":14
}