{
  "hidden":true,
  "name":"Tianeti Range Conv circle WEST",
  "radius":100,
  "x":-263018.28571429,
  "y":892232.85714287,
  "zoneId":963,
  "__version__":14
}