{
  "hidden":false,
  "name":"MARNUELI_SPAWN_DEST_1",
  "radius":2133.6,
  "x":-354664.57142857,
  "y":895852.57142858,
  "zoneId":6483,
  "__version__":14
}