{
  "x":10714.285714285,
  "y":44285.714285714,
  "__version__":14
}