{
  "x":-334346.47767857,
  "y":858647.23214286,
  "__version__":14
}