{
  "hidden":false,
  "name":"pickzone3",
  "radius":300,
  "x":-280023.67410714,
  "y":862194.28571429,
  "zoneId":1737,
  "__version__":14
}