{
  "x":-334334.19196428,
  "y":858636.66071429,
  "__version__":14
}