{
  "hidden":false,
  "name":"__ON_DEMAND_TETRA",
  "radius":304.8,
  "x":-335042.85714286,
  "y":859085.71428572,
  "zoneId":5553,
  "__version__":14
}