{
  "x":9285.7142857144,
  "y":22142.857142857,
  "__version__":14
}