{
  "x":-334326.76339286,
  "y":858624.94642858,
  "__version__":14
}