{
  "hidden":false,
  "name":"SAR5",
  "radius":15.24,
  "x":-336903.14285714,
  "y":847534.57142856,
  "zoneId":5393,
  "__version__":14
}