{
  "dead":false,
  "groupId":130,
  "heading":0,
  "name":"New Static Object #014",
  "x":-316368.40178572,
  "y":897636.27171428,
  "__version__":14
}