{
  "category":"Unarmed",
  "heading":1.7278759595,
  "name":"Lochini Ambulance #004",
  "rate":3,
  "type":"Hummer Medic",
  "unitId":213,
  "x":-314738.50492858,
  "y":894574.6157142899,
  "__version__":14
}