{
  "hidden":false,
  "name":"GORI_RANGE__IED_veichle_E",
  "radius":60.96,
  "x":-299885.67742859,
  "y":817526.46200002,
  "zoneId":7740,
  "__version__":14
}