{
  "hidden":false,
  "name":"Trees cut 2",
  "radius":60.96,
  "x":-314245.95835714,
  "y":895225.66085715,
  "zoneId":8678,
  "__version__":14
}