{
  "1":0,
  "2":0.5019607843,
  "3":0,
  "4":0.1490196078,
  "__version__":14
}