{
  "hidden":false,
  "name":"SAR6",
  "radius":15.24,
  "x":-323845.99999999,
  "y":854834.57142856,
  "zoneId":5394,
  "__version__":14
}