{
  "hidden":true,
  "name":"__RESPAWN__Tetra range SA-10 TR",
  "radius":500,
  "x":-335717.42097523,
  "y":858165.71428571,
  "zoneId":1424,
  "__version__":14
}