{
  "hidden":true,
  "name":"__RESPAWN__Tetra range EWR55G6",
  "radius":300,
  "x":-335937.42097523,
  "y":857157.14285714,
  "zoneId":1425,
  "__version__":14
}