{
  "hidden":false,
  "name":"DUSHETI_SPAWN_DEST_1",
  "radius":1524,
  "x":-271800.28571429,
  "y":869631.1428571499,
  "zoneId":6327,
  "__version__":14
}