{
  "hidden":false,
  "name":"LZ_HAWK_dropzone",
  "radius":7620,
  "x":-252148.01114285,
  "y":784503.06828572,
  "zoneId":8511,
  "__version__":14
}