{
  "hidden":false,
  "name":"TIANETI_SPAWN_DEST_4",
  "radius":609.6,
  "x":-267921.71428572,
  "y":891031.14285714,
  "zoneId":6174,
  "__version__":14
}