{
  "dead":false,
  "groupId":90,
  "heading":3.0717794835,
  "name":"logistic4",
  "x":-265146.27435714,
  "y":882048.22,
  "__version__":14
}