{
  "dead":false,
  "groupId":108,
  "heading":1.4311699866,
  "name":"New Static Object #001",
  "x":-267648.7175,
  "y":717193.21742858,
  "__version__":14
}