{
  "hidden":false,
  "name":"pickzone4",
  "radius":300,
  "x":-347015.71428571,
  "y":902424.28571429,
  "zoneId":1738,
  "__version__":14
}