{
  "hidden":false,
  "name":"MARNUELI_SPAWN_DEST_2",
  "radius":1828.8,
  "x":-354950.28571429,
  "y":889081.1428571499,
  "zoneId":6484,
  "__version__":14
}