{
  "x":-317195.50778572,
  "y":894498.40371429,
  "__version__":14
}