{
  "x":-317489.16692858,
  "y":894604.07685715,
  "__version__":14
}