{
  "hidden":false,
  "name":"TIANETI_SPAWN_DEST_2",
  "radius":1219.2,
  "x":-266057.42857143,
  "y":890088.28571429,
  "zoneId":6172,
  "__version__":14
}