{
  "dead":false,
  "groupId":121,
  "heading":1.7278759595,
  "name":"Lochini Ambulance #003",
  "x":-314666.47864286,
  "y":894573.94257143,
  "__version__":14
}