{
  "dead":false,
  "groupId":128,
  "heading":0,
  "name":"New Static Object #012",
  "x":-314911.23492857,
  "y":895745.71628571,
  "__version__":14
}