{
  "hidden":true,
  "name":"__RESPAWN__Tetra range 2S1 GVOZDIKA",
  "radius":500,
  "x":-334044.56383237,
  "y":857505.71428571,
  "zoneId":1271,
  "__version__":14
}