{
  "hidden":false,
  "name":"DUSHETI_SPAWN_DEST_2",
  "radius":1219.2,
  "x":-270900.28571429,
  "y":867888.28571429,
  "zoneId":6328,
  "__version__":14
}