{
  "dead":false,
  "groupId":110,
  "heading":1.4137166941,
  "name":"New Static Object #003",
  "x":-267550.0475,
  "y":717613.63742858,
  "__version__":14
}