{
  "hidden":false,
  "name":"pickzone8",
  "radius":200,
  "x":-334359.14285716,
  "y":858618.00000001,
  "zoneId":4623,
  "__version__":14
}