{
  "dead":false,
  "groupId":85,
  "heading":0,
  "name":"FARP Madrid",
  "x":-265274.26207142,
  "y":882043.23664286,
  "__version__":14
}