{
  "dead":false,
  "groupId":105,
  "heading":0.6806784083,
  "name":"logistic1",
  "x":-318194.37635713,
  "y":895605.82114287,
  "__version__":14
}