{
  "dead":false,
  "groupId":91,
  "heading":0,
  "name":"FARP MARNUELI",
  "x":-346997.48464285,
  "y":902478.77914286,
  "__version__":14
}