{
  "x":-289844.96417857,
  "y":615271.2797142901,
  "__version__":14
}