{
  "dead":false,
  "groupId":114,
  "heading":0,
  "name":"New Static Object #008",
  "x":-267553.78492857,
  "y":717189.96114287,
  "__version__":14
}