{
  "dead":false,
  "groupId":113,
  "heading":0.7155849933,
  "name":"New Static Object #006",
  "x":-267686.15578571,
  "y":716855.36000001,
  "__version__":14
}