{
  "hidden":false,
  "name":"TIANETI_SPAWN_DEST_3",
  "radius":1066.8,
  "x":-266721.71428572,
  "y":890352.57142857,
  "zoneId":6173,
  "__version__":14
}