{
  "dead":false,
  "groupId":104,
  "heading":5.3930673887,
  "name":"logistic2",
  "x":-314254.62492856,
  "y":895385.73571431,
  "__version__":14
}