{
  "hidden":true,
  "name":"MR: Conv circle WEST",
  "radius":100,
  "x":-353935.14285715,
  "y":891779.42857144,
  "zoneId":655,
  "__version__":14
}