{
  "x":-334317.91635713,
  "y":858584.1917143,
  "__version__":14
}