{
  "x":-334325.91635713,
  "y":858571.90600002,
  "__version__":14
}