{
  "x":-279969.71428569,
  "y":862146.28571429,
  "__version__":14
}