{
  "x":-280049.99999998,
  "y":862226.85714286,
  "__version__":14
}