{
  "dead":false,
  "groupId":136,
  "heading":3.4208453339,
  "name":"New Static Object #020",
  "x":-314730.62178572,
  "y":896698.37485715,
  "__version__":14
}