{
  "hidden":false,
  "name":"SAR2",
  "radius":15.24,
  "x":-320345.99999999,
  "y":860120.28571428,
  "zoneId":5390,
  "__version__":14
}