{
  "callsignStr":"G03",
  "comment":"",
  "id":3205,
  "properties":{
    "angle":0,
    "scale":0,
    "steer":2,
    "vangle":0,
    "vnav":1
  },
  "x":-269264.85714285,
  "y":859349.1428571499,
  "__version__":14
}