{
  "callsignStr":"G1NE",
  "id":358,
  "properties":{
    "angle":0,
    "scale":0,
    "steer":2,
    "vangle":0,
    "vnav":1
  },
  "x":-6022.0000000016,
  "y":242016.28571428,
  "__version__":14
}