{
  "callsignStr":"G1SE",
  "id":104,
  "properties":{
    "angle":0,
    "scale":0,
    "steer":2,
    "vangle":0,
    "vnav":1
  },
  "x":-43051.142857144,
  "y":243995.42857143,
  "__version__":14
}