{
  "callsignStr":"G3SW",
  "id":196,
  "properties":{
    "angle":0,
    "scale":0,
    "steer":2,
    "vangle":0,
    "vnav":1
  },
  "x":-41587.714285716,
  "y":270419.42857142,
  "__version__":14
}