{
  "callsignStr":"G6SE",
  "id":189,
  "properties":{
    "angle":0,
    "scale":0,
    "steer":2,
    "vangle":0,
    "vnav":1
  },
  "x":-77046.571428573,
  "y":299115.71428571,
  "__version__":14
}