{
  "callsignStr":"H1SW",
  "id":193,
  "properties":{
    "angle":0,
    "scale":0,
    "steer":2,
    "vangle":0,
    "vnav":1
  },
  "x":-40019.428571421,
  "y":296844.57142857,
  "__version__":14
}