{
  "callsignStr":"H2NW",
  "id":270,
  "properties":{
    "angle":0,
    "scale":0,
    "steer":2,
    "vangle":0,
    "vnav":1
  },
  "x":-1309.4285714208,
  "y":320831.71428571,
  "__version__":14
}