{
  "callsignStr":"H2SE",
  "id":445,
  "properties":{
    "angle":0,
    "scale":0,
    "steer":2,
    "vangle":0,
    "vnav":1
  },
  "x":-36549.428571421,
  "y":349694.85714285,
  "__version__":14
}