{
  "callsignStr":"H3NE",
  "id":525,
  "properties":{
    "angle":0,
    "scale":0,
    "steer":2,
    "vangle":0,
    "vnav":1
  },
  "x":2376.8571428649,
  "y":373376.00000001,
  "__version__":14
}