{
  "callsignStr":"H4NE",
  "id":477,
  "properties":{
    "angle":0,
    "scale":0,
    "steer":2,
    "vangle":0,
    "vnav":1
  },
  "x":-38339.428571422,
  "y":323268.85714286,
  "__version__":14
}