{
  "callsignStr":"H5NW",
  "id":212,
  "properties":{
    "angle":0,
    "scale":0,
    "steer":2,
    "vangle":0,
    "vnav":1
  },
  "x":-38339.142857136,
  "y":323268.85714287,
  "__version__":14
}