{
  "callsignStr":"H5SE",
  "id":391,
  "properties":{
    "angle":0,
    "scale":0,
    "steer":2,
    "vangle":0,
    "vnav":1
  },
  "x":-73577.999999992,
  "y":352268.85714286,
  "__version__":14
}