{
  "callsignStr":"H5SW",
  "id":224,
  "properties":{
    "angle":0,
    "scale":0,
    "steer":2,
    "vangle":0,
    "vnav":1
  },
  "x":-75367.142857135,
  "y":325692.85714285,
  "__version__":14
}