{
  "callsignStr":"H6NE",
  "id":156,
  "properties":{
    "angle":0,
    "scale":0,
    "steer":2,
    "vangle":0,
    "vnav":1
  },
  "x":-34652.571428563,
  "y":376119.42857142,
  "__version__":14
}