{
  "callsignStr":"H6SE",
  "id":404,
  "properties":{
    "angle":0,
    "scale":0,
    "steer":2,
    "vangle":0,
    "vnav":1
  },
  "x":-71680.857142849,
  "y":378847.42857143,
  "__version__":14
}