{
  "callsignStr":"H7NE",
  "id":137,
  "properties":{
    "angle":0,
    "scale":0,
    "steer":2,
    "vangle":0,
    "vnav":1
  },
  "x":-75366.571428563,
  "y":325692.57142857,
  "__version__":14
}