{
  "callsignStr":"H9SE",
  "id":385,
  "properties":{
    "angle":0,
    "scale":0,
    "steer":2,
    "vangle":0,
    "vnav":1
  },
  "x":-108709.99999999,
  "y":381559.14285714,
  "__version__":14
}