{
  "callsignStr":"I1NE",
  "id":53,
  "properties":{
    "angle":0,
    "scale":0,
    "steer":2,
    "vangle":0,
    "vnav":1
  },
  "x":4384.2857142963,
  "y":399647.42857143,
  "__version__":14
}