{
  "callsignStr":"I1SW",
  "id":534,
  "properties":{
    "angle":0,
    "scale":0,
    "steer":2,
    "vangle":0,
    "vnav":1
  },
  "x":-34652.857142846,
  "y":376119.42857143,
  "__version__":14
}