{
  "callsignStr":"I3SW",
  "id":514,
  "properties":{
    "angle":0,
    "scale":0,
    "steer":2,
    "vangle":0,
    "vnav":1
  },
  "x":-30528.857142847,
  "y":428969.42857143,
  "__version__":14
}