{
  "callsignStr":"I6NW",
  "id":154,
  "properties":{
    "angle":0,
    "scale":0,
    "steer":2,
    "vangle":0,
    "vnav":1
  },
  "x":-30529.142857132,
  "y":428968.85714286,
  "__version__":14
}