{
  "callsignStr":"I7NW",
  "id":457,
  "properties":{
    "angle":0,
    "scale":0,
    "steer":2,
    "vangle":0,
    "vnav":1
  },
  "x":-71680.857142849,
  "y":378847.42857142,
  "__version__":14
}