{
  "callsignStr":"J9NE",
  "id":396,
  "properties":{
    "angle":0,
    "scale":0,
    "steer":2,
    "vangle":0,
    "vnav":1
  },
  "x":-57996.285714278,
  "y":538320.28571428,
  "__version__":14
}