{
  "callsignStr":"J9NW",
  "id":138,
  "properties":{
    "angle":0,
    "scale":0,
    "steer":2,
    "vangle":0,
    "vnav":1
  },
  "x":-60551.142857134,
  "y":511741.14285713,
  "__version__":14
}