{
  "callsignStr":"J9SE",
  "id":296,
  "properties":{
    "angle":0,
    "scale":0,
    "steer":2,
    "vangle":0,
    "vnav":1
  },
  "x":-95028.571428564,
  "y":541945.99999999,
  "__version__":14
}