{
  "callsignStr":"K8SE",
  "id":308,
  "properties":{
    "angle":0,
    "scale":0,
    "steer":2,
    "vangle":0,
    "vnav":1
  },
  "x":-89589.714285705,
  "y":595414.5714285501,
  "__version__":14
}