{
  "callsignStr":"K9SE",
  "id":136,
  "properties":{
    "angle":0,
    "scale":0,
    "steer":2,
    "vangle":0,
    "vnav":1
  },
  "x":-86703.999999992,
  "y":622147.99999998,
  "__version__":14
}