{
  "callsignStr":"L9NE",
  "id":143,
  "properties":{
    "angle":0,
    "scale":0,
    "steer":2,
    "vangle":0,
    "vnav":1
  },
  "x":-40340.285714279,
  "y":697805.42857139,
  "__version__":14
}