{
  "callsignStr":"L9NW",
  "id":242,
  "properties":{
    "angle":0,
    "scale":0,
    "steer":2,
    "vangle":0,
    "vnav":1
  },
  "x":-43559.999999992,
  "y":671223.42857139,
  "__version__":14
}