{
  "callsignStr":"LAGAS",
  "id":376,
  "properties":{
    "angle":0,
    "scale":0,
    "steer":2,
    "vangle":0,
    "vnav":1
  },
  "x":-334423.99999999,
  "y":837462.0000000499,
  "__version__":14
}