{
  "callsignStr":"N1NE",
  "id":117,
  "properties":{
    "angle":0,
    "scale":0,
    "steer":2,
    "vangle":0,
    "vnav":1
  },
  "x":-106703.14285714,
  "y":408288.28571429,
  "__version__":14
}