{
  "callsignStr":"N2NW",
  "id":164,
  "properties":{
    "angle":0,
    "scale":0,
    "steer":2,
    "vangle":0,
    "vnav":1
  },
  "x":-106703.14285713,
  "y":408288.28571429,
  "__version__":14
}