{
  "callsignStr":"N2SW",
  "id":275,
  "properties":{
    "angle":0,
    "scale":0,
    "steer":2,
    "vangle":0,
    "vnav":1
  },
  "x":-143735.42857142,
  "y":411135.42857143,
  "__version__":14
}