{
  "callsignStr":"N4SW",
  "id":430,
  "properties":{
    "angle":0,
    "scale":0,
    "steer":2,
    "vangle":0,
    "vnav":1
  },
  "x":-182769.42857143,
  "y":386934.57142856,
  "__version__":14
}