{
  "callsignStr":"N8SW",
  "id":351,
  "properties":{
    "angle":0,
    "scale":0,
    "steer":2,
    "vangle":0,
    "vnav":1
  },
  "x":-217797.14285714,
  "y":416776.28571429,
  "__version__":14
}