{
  "callsignStr":"O2SE",
  "id":145,
  "properties":{
    "angle":0,
    "scale":0,
    "steer":2,
    "vangle":0,
    "vnav":1
  },
  "x":-134618.28571429,
  "y":518667.42857142,
  "__version__":14
}