{
  "callsignStr":"O4SE",
  "id":362,
  "properties":{
    "angle":0,
    "scale":0,
    "steer":2,
    "vangle":0,
    "vnav":1
  },
  "x":-174096.57142857,
  "y":495064.28571429,
  "__version__":14
}