{
  "callsignStr":"O6SW",
  "id":331,
  "properties":{
    "angle":0,
    "scale":0,
    "steer":2,
    "vangle":0,
    "vnav":1
  },
  "x":-171653.42857143,
  "y":522099.14285714,
  "__version__":14
}