{
  "callsignStr":"O7SE",
  "id":388,
  "properties":{
    "angle":0,
    "scale":0,
    "steer":2,
    "vangle":0,
    "vnav":1
  },
  "x":-211133.42857142,
  "y":498324.57142857,
  "__version__":14
}