{
  "callsignStr":"O8SW",
  "id":126,
  "properties":{
    "angle":0,
    "scale":0,
    "steer":2,
    "vangle":0,
    "vnav":1
  },
  "x":-211133.42857143,
  "y":498324.57142857,
  "__version__":14
}