{
  "callsignStr":"P3NW",
  "id":495,
  "properties":{
    "angle":0,
    "scale":0,
    "steer":2,
    "vangle":0,
    "vnav":1
  },
  "x":-89589.714285706,
  "y":595414.57142854,
  "__version__":14
}