{
  "callsignStr":"P8NE",
  "id":33,
  "properties":{
    "angle":0,
    "scale":0,
    "steer":2,
    "vangle":0,
    "vnav":1
  },
  "x":-163663.71428571,
  "y":603210.8571428501,
  "__version__":14
}