{
  "callsignStr":"Q1NW",
  "id":520,
  "properties":{
    "angle":0,
    "scale":0,
    "steer":2,
    "vangle":0,
    "vnav":1
  },
  "x":-86703.999999994,
  "y":622147.99999997,
  "__version__":14
}