{
  "callsignStr":"Q1SE",
  "id":271,
  "properties":{
    "angle":0,
    "scale":0,
    "steer":2,
    "vangle":0,
    "vnav":1
  },
  "x":-120743.42857142,
  "y":653099.42857139,
  "__version__":14
}