{
  "callsignStr":"Q2NW",
  "id":405,
  "properties":{
    "angle":0,
    "scale":0,
    "steer":2,
    "vangle":0,
    "vnav":1
  },
  "x":-83703.999999993,
  "y":648883.14285711,
  "__version__":14
}