{
  "callsignStr":"Q3NE",
  "id":479,
  "properties":{
    "angle":0,
    "scale":0,
    "steer":2,
    "vangle":0,
    "vnav":1
  },
  "x":-77376.857142851,
  "y":702355.71428567,
  "__version__":14
}