{
  "callsignStr":"Q3SE",
  "id":221,
  "properties":{
    "angle":0,
    "scale":0,
    "steer":2,
    "vangle":0,
    "vnav":1
  },
  "x":-114417.99999999,
  "y":706878.2857142501,
  "__version__":14
}