{
  "callsignStr":"R2NE",
  "id":380,
  "properties":{
    "angle":0,
    "scale":0,
    "steer":2,
    "vangle":0,
    "vnav":1
  },
  "x":-70603.999999994,
  "y":755829.42857143,
  "__version__":14
}