{
  "callsignStr":"R2NW",
  "id":169,
  "properties":{
    "angle":0,
    "scale":0,
    "steer":2,
    "vangle":0,
    "vnav":1
  },
  "x":-74045.999999994,
  "y":729092.28571429,
  "__version__":14
}