{
  "callsignStr":"R5NW",
  "id":251,
  "properties":{
    "angle":0,
    "scale":0,
    "steer":2,
    "vangle":0,
    "vnav":1
  },
  "x":-111089.14285713,
  "y":733770.57142857,
  "__version__":14
}