{
  "callsignStr":"R6NE",
  "id":250,
  "properties":{
    "angle":0,
    "scale":0,
    "steer":2,
    "vangle":0,
    "vnav":1
  },
  "x":-104093.71428571,
  "y":787554.8571428501,
  "__version__":14
}