{
  "callsignStr":"R6NW",
  "id":517,
  "properties":{
    "angle":0,
    "scale":0,
    "steer":2,
    "vangle":0,
    "vnav":1
  },
  "x":-107647.42857142,
  "y":760661.71428571,
  "__version__":14
}