{
  "callsignStr":"R9NE",
  "id":339,
  "properties":{
    "angle":0,
    "scale":0,
    "steer":2,
    "vangle":0,
    "vnav":1
  },
  "x":-141143.99999999,
  "y":792513.42857141,
  "__version__":14
}