{
  "callsignStr":"ROLIN",
  "id":496,
  "properties":{
    "angle":0,
    "scale":0,
    "steer":2,
    "vangle":0,
    "vnav":1
  },
  "x":-342128.57142857,
  "y":536557.1428571499,
  "__version__":14
}