{
  "callsignStr":"S3NE",
  "id":311,
  "properties":{
    "angle":0,
    "scale":0,
    "steer":2,
    "vangle":0,
    "vnav":1
  },
  "x":-55711.142857147,
  "y":862785.14285714,
  "__version__":14
}