{
  "callsignStr":"S3SE",
  "id":312,
  "properties":{
    "angle":0,
    "scale":0,
    "steer":2,
    "vangle":0,
    "vnav":1
  },
  "x":-92759.428571432,
  "y":868239.14285714,
  "__version__":14
}