{
  "callsignStr":"S4NW",
  "id":122,
  "properties":{
    "angle":0,
    "scale":0,
    "steer":2,
    "vangle":0,
    "vnav":1
  },
  "x":-104093.71428572,
  "y":787554.85714286,
  "__version__":14
}