{
  "callsignStr":"S5SE",
  "id":537,
  "properties":{
    "angle":0,
    "scale":0,
    "steer":2,
    "vangle":0,
    "vnav":1
  },
  "x":-133702.85714285,
  "y":846609.42857142,
  "__version__":14
}