{
  "callsignStr":"S6NW",
  "id":204,
  "properties":{
    "angle":0,
    "scale":0,
    "steer":2,
    "vangle":0,
    "vnav":1
  },
  "x":-96648.857142861,
  "y":841342.85714286,
  "__version__":14
}