{
  "callsignStr":"S6SE",
  "id":374,
  "properties":{
    "angle":0,
    "scale":0,
    "steer":2,
    "vangle":0,
    "vnav":1
  },
  "x":-129812.00000001,
  "y":873660.28571428,
  "__version__":14
}