{
  "callsignStr":"S6SW",
  "id":176,
  "properties":{
    "angle":0,
    "scale":0,
    "steer":2,
    "vangle":0,
    "vnav":1
  },
  "x":-133702.85714286,
  "y":846609.42857142,
  "__version__":14
}