{
  "callsignStr":"S7SE",
  "id":152,
  "properties":{
    "angle":0,
    "scale":0,
    "steer":2,
    "vangle":0,
    "vnav":1
  },
  "x":-174536.28571429,
  "y":824642.57142857,
  "__version__":14
}