{
  "callsignStr":"S8SE",
  "id":447,
  "properties":{
    "angle":0,
    "scale":0,
    "steer":2,
    "vangle":0,
    "vnav":1
  },
  "x":-170762.57142858,
  "y":851845.71428571,
  "__version__":14
}