{
  "callsignStr":"S9SE",
  "id":383,
  "properties":{
    "angle":0,
    "scale":0,
    "steer":2,
    "vangle":0,
    "vnav":1
  },
  "x":-166875.14285715,
  "y":879051.14285714,
  "__version__":14
}