{
  "callsignStr":"SA18.4",
  "comment":"",
  "id":3851,
  "properties":{
    "angle":0,
    "scale":0,
    "steer":2,
    "vangle":0,
    "vnav":1
  },
  "x":-407747.14285712,
  "y":910895.7142857499,
  "__version__":14
}