{
  "callsignStr":"U2SE",
  "id":153,
  "properties":{
    "angle":0,
    "scale":0,
    "steer":2,
    "vangle":0,
    "vnav":1
  },
  "x":-237752.28571428,
  "y":610912.28571429,
  "__version__":14
}