{
  "callsignStr":"U3NW",
  "id":276,
  "properties":{
    "angle":0,
    "scale":0,
    "steer":2,
    "vangle":0,
    "vnav":1
  },
  "x":-200708.28571429,
  "y":607073.71428573,
  "__version__":14
}