{
  "callsignStr":"U3SE",
  "id":446,
  "properties":{
    "angle":0,
    "scale":0,
    "steer":2,
    "vangle":0,
    "vnav":1
  },
  "x":-234873.71428571,
  "y":638254.00000001,
  "__version__":14
}