{
  "callsignStr":"U5NE",
  "id":190,
  "properties":{
    "angle":0,
    "scale":0,
    "steer":2,
    "vangle":0,
    "vnav":1
  },
  "x":-237752.28571429,
  "y":610912.28571429,
  "__version__":14
}