{
  "callsignStr":"U5SW",
  "id":417,
  "properties":{
    "angle":0,
    "scale":0,
    "steer":2,
    "vangle":0,
    "vnav":1
  },
  "x":-277567.14285714,
  "y":587239.71428572,
  "__version__":14
}