{
  "callsignStr":"U6SE",
  "id":125,
  "properties":{
    "angle":0,
    "scale":0,
    "steer":2,
    "vangle":0,
    "vnav":1
  },
  "x":-271923.71428572,
  "y":642218.28571427,
  "__version__":14
}