{
  "callsignStr":"UG23 WEST",
  "id":159,
  "properties":{
    "angle":0,
    "scale":0,
    "steer":2,
    "vangle":0,
    "vnav":1
  },
  "x":-194835.42857143,
  "y":497790.28571429,
  "__version__":14
}