{
  "callsignStr":"UG23 NORTH",
  "id":314,
  "properties":{
    "angle":0,
    "scale":0,
    "steer":2,
    "vangle":0,
    "vnav":1
  },
  "x":-186777.14285715,
  "y":510182.85714286,
  "__version__":14
}