{
  "callsignStr":"UG24 SOUTH",
  "id":255,
  "properties":{
    "angle":0,
    "scale":0,
    "steer":2,
    "vangle":0,
    "vnav":1
  },
  "x":-330402.28571429,
  "y":901648.85714287,
  "__version__":14
}