{
  "callsignStr":"UGTB5",
  "id":300,
  "properties":{
    "angle":0,
    "scale":0,
    "steer":2,
    "vangle":0,
    "vnav":1
  },
  "x":-334837.99999998,
  "y":921514.57142857,
  "__version__":14
}