{
  "callsignStr":"UGTB4",
  "id":399,
  "properties":{
    "angle":0,
    "scale":0,
    "steer":2,
    "vangle":0,
    "vnav":1
  },
  "x":-329564.85714283,
  "y":947878.85714286,
  "__version__":14
}