{
  "callsignStr":"UGTB3",
  "id":369,
  "properties":{
    "angle":0,
    "scale":0,
    "steer":2,
    "vangle":0,
    "vnav":1
  },
  "x":-320536.85714283,
  "y":953907.14285714,
  "__version__":14
}