{
  "callsignStr":"V1SW",
  "id":210,
  "properties":{
    "angle":0,
    "scale":0,
    "steer":2,
    "vangle":0,
    "vnav":1
  },
  "x":-234873.71428572,
  "y":638253.99999998,
  "__version__":14
}