{
  "callsignStr":"V2SW",
  "id":345,
  "properties":{
    "angle":0,
    "scale":0,
    "steer":2,
    "vangle":0,
    "vnav":1
  },
  "x":-231882.28571429,
  "y":665595.71428569,
  "__version__":14
}