{
  "callsignStr":"V3SW",
  "id":288,
  "properties":{
    "angle":0,
    "scale":0,
    "steer":2,
    "vangle":0,
    "vnav":1
  },
  "x":-228782.57142858,
  "y":692941.42857141,
  "__version__":14
}