{
  "callsignStr":"V5SW",
  "id":127,
  "properties":{
    "angle":0,
    "scale":0,
    "steer":2,
    "vangle":0,
    "vnav":1
  },
  "x":-268936.57142857,
  "y":669711.42857141,
  "__version__":14
}