{
  "callsignStr":"V9NE",
  "id":120,
  "properties":{
    "angle":0,
    "scale":0,
    "steer":2,
    "vangle":0,
    "vnav":1
  },
  "x":-262627.71428568,
  "y":724702.28571428,
  "__version__":14
}