{
  "callsignStr":"V9NW",
  "id":292,
  "properties":{
    "angle":0,
    "scale":0,
    "steer":2,
    "vangle":0,
    "vnav":1
  },
  "x":-265837.42857142,
  "y":697205.99999996,
  "__version__":14
}