{
  "callsignStr":"W2SW",
  "id":352,
  "properties":{
    "angle":0,
    "scale":0,
    "steer":2,
    "vangle":0,
    "vnav":1
  },
  "x":-222244.28571428,
  "y":747636.28571428,
  "__version__":14
}