{
  "callsignStr":"W3NW",
  "id":313,
  "properties":{
    "angle":0,
    "scale":0,
    "steer":2,
    "vangle":0,
    "vnav":1
  },
  "x":-181749.42857143,
  "y":770240.57142857,
  "__version__":14
}