{
  "callsignStr":"W4SW",
  "id":116,
  "properties":{
    "angle":0,
    "scale":0,
    "steer":2,
    "vangle":0,
    "vnav":1
  },
  "x":-262627.71428572,
  "y":724702.28571426,
  "__version__":14
}