{
  "callsignStr":"W7SW",
  "id":371,
  "properties":{
    "angle":0,
    "scale":0,
    "steer":2,
    "vangle":0,
    "vnav":1
  },
  "x":-299691.71428572,
  "y":729089.71428572,
  "__version__":14
}