{
  "callsignStr":"W8SW",
  "id":340,
  "properties":{
    "angle":0,
    "scale":0,
    "steer":2,
    "vangle":0,
    "vnav":1
  },
  "x":-296373.42857143,
  "y":756738.57142857,
  "__version__":14
}