{
  "callsignStr":"X5NW",
  "id":375,
  "properties":{
    "angle":0,
    "scale":0,
    "steer":2,
    "vangle":0,
    "vnav":1
  },
  "x":-211600.85714286,
  "y":829693.14285714,
  "__version__":14
}