{
  "callsignStr":"X6SE",
  "id":368,
  "properties":{
    "angle":0,
    "scale":0,
    "steer":2,
    "vangle":0,
    "vnav":1
  },
  "x":-241020.57142858,
  "y":889732.57142857,
  "__version__":14
}