{
  "callsignStr":"X7SE",
  "id":411,
  "properties":{
    "angle":0,
    "scale":0,
    "steer":2,
    "vangle":0,
    "vnav":1
  },
  "x":-285749.71428572,
  "y":839701.99999999,
  "__version__":14
}