{
  "callsignStr":"X7SW",
  "id":530,
  "properties":{
    "angle":0,
    "scale":0,
    "steer":2,
    "vangle":0,
    "vnav":1
  },
  "x":-289402.85714285,
  "y":812044.85714286,
  "__version__":14
}