{
  "callsignStr":"X8NW",
  "id":485,
  "properties":{
    "angle":0,
    "scale":0,
    "steer":2,
    "vangle":0,
    "vnav":1
  },
  "x":-248672.57142857,
  "y":834713.14285714,
  "__version__":14
}