{
  "callsignStr":"X8SW",
  "id":506,
  "properties":{
    "angle":0,
    "scale":0,
    "steer":2,
    "vangle":0,
    "vnav":1
  },
  "x":-285749.71428571,
  "y":839701.99999999,
  "__version__":14
}