{
  "callsignStr":"X9SE",
  "id":287,
  "properties":{
    "angle":0,
    "scale":0,
    "steer":2,
    "vangle":0,
    "vnav":1
  },
  "x":-278104.85714286,
  "y":895024.8571428501,
  "__version__":14
}