{
  "callsignStr":"X9SW",
  "id":386,
  "properties":{
    "angle":0,
    "scale":0,
    "steer":2,
    "vangle":0,
    "vnav":1
  },
  "x":-281983.42857143,
  "y":867362.28571428,
  "__version__":14
}