{
  "hidden":false,
  "name":"Trees cut 1",
  "radius":60.96,
  "x":-314278.45978572,
  "y":895279.17600001,
  "zoneId":8677,
  "__version__":14
}