{
  "hidden":true,
  "name":"__RESPAWN__Tetra range MLRS SMERCH #001",
  "radius":500,
  "x":-334057.42097523,
  "y":856091.42857142,
  "zoneId":1270,
  "__version__":14
}