{
  "dead":false,
  "groupId":115,
  "heading":1.5707963268,
  "name":"New Static Object #007",
  "x":-267623.25235714,
  "y":717415.73028572,
  "__version__":14
}