{
  "hidden":false,
  "name":"SAR8",
  "radius":15.24,
  "x":-346117.42857142,
  "y":836105.99999998,
  "zoneId":5396,
  "__version__":14
}