{
  "x":10714.285714286,
  "y":7142.8571428569,
  "__version__":14
}