{
  "x":-334317.90625,
  "y":858609.23214286,
  "__version__":14
}