{
  "hidden":false,
  "name":"SAR1",
  "radius":15.24,
  "x":-343660.28571428,
  "y":853248.85714284,
  "zoneId":5389,
  "__version__":14
}