{
  "hidden":false,
  "name":"pickzone7",
  "radius":150,
  "x":-264881.42857145,
  "y":890521.7142857,
  "zoneId":4470,
  "__version__":14
}