{
  "hidden":false,
  "name":"FOB_KILO",
  "radius":57.912,
  "x":-300413.43571431,
  "y":850572.2968571601,
  "zoneId":7586,
  "__version__":14
}