{
  "dead":false,
  "groupId":134,
  "heading":0,
  "name":"New Static Object #018",
  "x":-314419.30692857,
  "y":895524.87314286,
  "__version__":14
}