{
  "hidden":false,
  "name":"TETRA_SPAWN",
  "radius":45.72,
  "x":-334360.00000001,
  "y":858592.28571429,
  "zoneId":5707,
  "__version__":14
}