{
  "hidden":false,
  "name":"MARNUELI_SPAWN_DEST_3",
  "radius":3048,
  "x":-351321.71428571,
  "y":898409.71428572,
  "zoneId":6485,
  "__version__":14
}