{
  "hidden":true,
  "name":"__RESPAWN__Tetra range ZU23 Closed",
  "radius":400,
  "x":-335998.84954666,
  "y":857812.8571428501,
  "zoneId":1269,
  "__version__":14
}