{
  "dead":false,
  "groupId":135,
  "heading":0,
  "name":"New Static Object #019",
  "x":-314497.96007143,
  "y":895943.16485714,
  "__version__":14
}