{
  "x":-270601.69664286,
  "y":716725.68457143,
  "__version__":14
}