{
  "x":-270341.47292857,
  "y":717177.15914286,
  "__version__":14
}