{
  "hidden":false,
  "name":"MARNUELI_SPAWN_DEST_4",
  "radius":2133.6,
  "x":-349678.85714286,
  "y":894452.57142858,
  "zoneId":6486,
  "__version__":14
}