{
  "dead":false,
  "groupId":120,
  "heading":1.7278759595,
  "name":"Lochini Ambulance #002",
  "x":-314728.40778572,
  "y":894609.6191428601,
  "__version__":14
}