{
  "hidden":false,
  "name":"SAR10",
  "radius":15.24,
  "x":-319377.42857142,
  "y":846828.85714284,
  "zoneId":5398,
  "__version__":14
}