{
  "hidden":true,
  "name":"MR: Conv circle EAST",
  "radius":100,
  "x":-355456.57142858,
  "y":893507.71428572,
  "zoneId":653,
  "__version__":14
}