{
  "hidden":false,
  "name":"SAR3",
  "radius":15.24,
  "x":-342531.71428571,
  "y":871177.42857141,
  "zoneId":5391,
  "__version__":14
}