{
  "hidden":false,
  "name":"GORI_RANGE_PICKUPZONE",
  "radius":182.88,
  "x":-298772.80400002,
  "y":821120.77000001,
  "zoneId":7587,
  "__version__":14
}