{
  "hidden":false,
  "name":"pickzone10",
  "radius":365.76,
  "x":-314636.85714285,
  "y":894597.42857143,
  "zoneId":6970,
  "__version__":14
}