{
  "dead":false,
  "groupId":123,
  "heading":1.7278759595,
  "name":"Lochini Ambulance #005",
  "x":-314680.61464286,
  "y":894672.22142858,
  "__version__":14
}