{
  "hidden":false,
  "name":"TETRA_SPAWN_DEST_2",
  "radius":1219.2,
  "x":-334646.00000002,
  "y":857632.85714286,
  "zoneId":5861,
  "__version__":14
}