{
  "hidden":false,
  "name":"SAR9",
  "radius":15.24,
  "x":-347147.42857142,
  "y":858918.85714284,
  "zoneId":5397,
  "__version__":14
}