{
  "hidden":true,
  "name":"__RESPAWN__DR: Static tgt 2S19 Msta Arty",
  "radius":300,
  "x":-272561.70668951,
  "y":867552.8571428501,
  "zoneId":1426,
  "__version__":14
}