{
  "dead":false,
  "groupId":137,
  "heading":3.0717794835,
  "name":"New Static Object #021",
  "x":-314633.87235714,
  "y":896488.50485716,
  "__version__":14
}